Month,Mine_Name,Coal_Production_Tonnes,Overburden_Removal_BCM,Stripping_Ratio,Approved_Benchmark_SR,Status_Remark
2025-04,Amrapali OCP,25400,71120,2.80,2.60,Normal advance stripping
2025-05,Amrapali OCP,26100,74385,2.85,2.60,Bench 3 shovel deployment
2025-06,Amrapali OCP,23800,76160,3.20,2.60,Monsoon preparation dewatering
2025-07,Amrapali OCP,18500,64750,3.50,2.60,Heavy rainfall water influx anomaly
2025-08,Amrapali OCP,19200,69120,3.60,2.60,Sump pumping operational anomaly
2025-09,Amrapali OCP,24500,71050,2.90,2.60,Production recovery phase
2025-10,Amrapali OCP,27800,75060,2.70,2.60,Post-monsoon full face working
2025-11,Amrapali OCP,28400,76680,2.70,2.60,HEMM dragline peak performance
2025-12,Amrapali OCP,29100,75660,2.60,2.60,Benchmark achieved
2026-01,Amrapali OCP,27500,77000,2.80,2.60,Stable bench operation
2026-02,Amrapali OCP,26800,75040,2.80,2.60,Seam IV mining active
2026-03,Amrapali OCP,31200,81120,2.60,2.60,Financial year target drive completed
